{"cameraMode":{"drawMode":0,"name":"Shaded","section":"Shading Mode"},"sceneLighting":true,"audioPlay":false,"sceneViewState":{"m_AlwaysRefresh":false,"showFog":true,"showSkybox":true,"showFlares":true,"showImageEffects":true,"showParticleSystems":true,"showVisualEffectGraphs":true,"m_FxEnabled":true},"in2DMode":false,"pivot":{"x":-0.008521556854248047,"y":-0.35349810123443606,"z":0.6363754272460938},"rotation":{"x":0.2129858434200287,"y":0.2741384208202362,"z":-0.06244152411818504,"w":0.9357529878616333},"size":2.666025161743164,"orthographic":false}